Compound name,Compound,Gene Symbol,ncbitaxid,RelationSign
apocynin,CP00002036,CBX1,9606,associate
apocynin,CP00002036,GMNN,9606,associate
apocynin,CP00002036,SOD1,9606,inhibit
apocynin,CP00002036,TNF,9606,inhibit
apocynin,CP00002036,PRKCZ,9606,associate
apocynin,CP00002036,CXCL1,9606,associate
apocynin,CP00002036,NCF1,9606,activate
apocynin,CP00002036,CASP1,9606,associate
apocynin,CP00002036,COL3A1,9606,associate
apocynin,CP00002036,LEP,9606,associate
apocynin,CP00002036,HMOX1,9606,associate
apocynin,CP00002036,RHOA,9606,associate
apocynin,CP00002036,NOS3,9606,associate
apocynin,CP00002036,MMP1,9606,associate
apocynin,CP00002036,MAPK3,9606,activate
apocynin,CP00002036,OSGIN1,9606,associate
apocynin,CP00002036,C9orf3,9606,associate
apocynin,CP00002036,DUOX1,9606,associate
apocynin,CP00002036,CYBB,9606,activate
apocynin,CP00002036,IL1B,9606,associate
apocynin,CP00002036,CLCN3,9606,associate
apocynin,CP00002036,ROCK1,9606,associate
apocynin,CP00002036,IL1B,9606,inhibit
apocynin,CP00002036,CCL5,9606,associate
apocynin,CP00002036,NOX4,9606,associate
apocynin,CP00002036,TPR,9606,associate
apocynin,CP00002036,MAP2K1,9606,associate
apocynin,CP00002036,AGT,9606,associate
apocynin,CP00002036,HMBS,9606,associate
apocynin,CP00002036,LTC4S,9606,associate
apocynin,CP00002036,KIFAP3,9606,associate
apocynin,CP00002036,NCF1,9606,associate
apocynin,CP00002036,IL6,9606,associate
apocynin,CP00002036,TBXA2R,9606,associate
apocynin,CP00002036,MMP9,9606,inhibit
apocynin,CP00002036,CASP3,9606,associate
apocynin,CP00002036,DNER,9606,associate
apocynin,CP00002036,NFKBIA,9606,activate
apocynin,CP00002036,HADHA,9606,associate
apocynin,CP00002036,PRKCI,9606,associate
apocynin,CP00002036,CHAT,9606,associate
apocynin,CP00002036,PENK,9606,associate
apocynin,CP00002036,EGFR,9606,associate
apocynin,CP00002036,ICAM1,9606,associate
apocynin,CP00002036,OLR1,9606,associate
apocynin,CP00002036,MSR1,9606,associate
apocynin,CP00002036,TNF,9606,associate
apocynin,CP00002036,VASP,9606,associate
apocynin,CP00002036,PRKCA,9606,associate
apocynin,CP00002036,FGF2,9606,associate
apocynin,CP00002036,CXCL8,9606,associate
apocynin,CP00002036,PVALB,9606,inhibit
apocynin,CP00002036,HMOX2,9606,associate
apocynin,CP00002036,NPHS1,9606,inhibit
apocynin,CP00002036,TNF,9606,activate
apocynin,CP00002036,VCAM1,9606,associate
apocynin,CP00002036,REN,9606,associate
apocynin,CP00002036,NKX2-5,9606,associate
apocynin,CP00002036,GATA4,9606,associate
apocynin,CP00002036,MAPK1,9606,associate
apocynin,CP00002036,SHC1,9606,associate
apocynin,CP00002036,LEPR,9606,inhibit
apocynin,CP00002036,KIF3B,9606,associate
apocynin,CP00002036,PRKCD,9606,associate
apocynin,CP00002036,FN1,9606,associate
apocynin,CP00002036,HTR2B,9606,associate
apocynin,CP00002036,FANCD2,9606,associate
apocynin,CP00002036,CD36,9606,activate
apocynin,CP00002036,PTGS1,9606,associate
apocynin,CP00002036,UTS2,9606,associate
apocynin,CP00002036,DECR1,9606,associate
apocynin,CP00002036,COL1A2,9606,associate
apocynin,CP00002036,RELA,9606,inhibit
apocynin,CP00002036,CDK5,9606,associate
apocynin,CP00002036,AGTR1,9606,associate
apocynin,CP00002036,FGF14,9606,associate
apocynin,CP00002036,CSF2,9606,associate
apocynin,CP00002036,KAT5,9606,associate
apocynin,CP00002036,EDNRA,9606,associate
apocynin,CP00002036,MAPK3,9606,associate
apocynin,CP00002036,PTGS2,9606,associate
apocynin,CP00002036,EDN1,9606,associate
apocynin,CP00002036,TP53,9606,associate
apocynin,CP00002036,HSPB1,9606,associate
apocynin,CP00002036,NLRP1,9606,associate
apocynin,CP00002036,HTRA2,9606,inhibit
apocynin,CP00002036,GPX4,9606,associate
apocynin,CP00002036,EDNRB,9606,associate
apocynin,CP00002036,IL26,9606,associate
apocynin,CP00002036,RAC3,9606,associate
apocynin,CP00002036,CCL2,9606,associate
apocynin,CP00002036,CYBA,9606,associate
apocynin,CP00002036,CRYAB,9606,associate
apocynin,CP00002036,SLC9A1,9606,associate
apocynin,CP00002036,DES,9606,associate
apocynin,CP00002036,MMP9,9606,associate
apocynin,CP00002036,MMP2,9606,associate
apocynin,CP00002036,NANOS3,9606,associate
apocynin,CP00002036,NFE2,9606,associate
apocynin,CP00002036,IFNB1,9606,associate
apocynin,CP00002036,SRC,9606,associate
apocynin,CP00002036,MAPK9,9606,activate
apocynin,CP00002036,LEP,9606,inhibit
apocynin,CP00002036,INS-IGF2,9606,associate
apocynin,CP00002036,GJA1,9606,inhibit
apocynin,CP00002036,BMP10,9606,associate
apocynin,CP00002036,MAPK1,9606,inhibit
apocynin,CP00002036,PRKCH,9606,associate
apocynin,CP00002036,NOX3,9606,associate
apocynin,CP00002036,RAC1,9606,associate
apocynin,CP00002036,NCKIPSD,9606,associate
apocynin,CP00002036,DVL1,9606,associate
apocynin,CP00002036,PCNA,9606,associate
apocynin,CP00002036,NCF2,9606,associate
apocynin,CP00002036,CCL7,9606,associate
apocynin,CP00002036,SLC15A1,9606,associate
apocynin,CP00002036,CD38,9606,associate
apocynin,CP00002036,MAPK1,9606,activate
apocynin,CP00002036,NEURL4,9606,associate
apocynin,CP00002036,NOS2,9606,associate
apocynin,CP00002036,RNF213,9606,associate
apocynin,CP00002036,PRKCE,9606,associate
apocynin,CP00002036,CYBB,9606,associate
apocynin,CP00002036,APOE,9606,associate
apocynin,CP00002036,MPO,9606,associate
apocynin,CP00002036,PCK2,9606,associate
apocynin,CP00002036,RYR1,9606,associate
apocynin,CP00002036,PARP1,9606,associate
apocynin,CP00002036,PLD2,9606,associate
apocynin,CP00002036,GAD1,9606,inhibit
apocynin,CP00002036,GPX1,9606,inhibit
apocynin,CP00002036,NOX1,9606,associate
apocynin,CP00002036,UBR5,9606,associate
apocynin,CP00002036,CTF1,9606,associate
apocynin,CP00002036,VEGFA,9606,associate
apocynin,CP00002036,GFAP,9606,associate
apocynin,CP00002036,SLC30A3,9606,associate
apocynin,CP00002036,EDN1,9606,inhibit
apocynin,CP00002036,SPOPL,9606,associate
apocynin,CP00002036,SLC2A1,9606,associate
apocynin,CP00002036,PDE2A,9606,associate
apocynin,CP00002036,TRPC6,9606,associate
apocynin,CP00002036,NFKB1,9606,associate
apocynin,CP00002036,RELA,9606,associate
apocynin,CP00002036,TJP1,9606,inhibit
apocynin,CP00002036,PRCP,9606,associate
apocynin,CP00002036,S100A4,9606,associate
apocynin,CP00002036,STK24,9606,associate
apocynin,CP00002036,DERL1,9606,associate
apocynin,CP00002036,SLC1A2,9606,associate
apocynin,CP00002036,BST1,9606,associate
apocynin,CP00002036,NPHS2,9606,inhibit
apocynin,CP00002036,CCL11,9606,associate
apocynin,CP00002036,PLA2G4A,9606,associate
apocynin,CP00002036,MAP3K5,9606,associate
apocynin,CP00002036,FSHB,9606,associate
apocynin,CP00002036,PRKD1,9606,associate
apocynin,CP00002036,XDH,9606,associate
apocynin,CP00002036,ACE,9606,associate
apocynin,CP00002036,EIF2AK3,9606,associate
apocynin,CP00002036,GRIA2,9606,associate
apocynin,CP00002036,NCF1,9606,inhibit
apocynin,CP00002036,TLR4,9606,associate
apocynin,CP00002036,NOXA1,9606,associate
apocynin,CP00002036,MAPK8,9606,activate
apocynin,CP00002036,PRKCG,9606,associate
apocynin,CP00002036,MOCOS,9606,associate
apocynin,CP00002036,CCS,9606,associate
apocynin,CP00002036,SERPINE1,9606,associate
apocynin,CP00002036,SETD2,9606,associate
apocynin,CP00002036,SOD2,9606,inhibit
apocynin,CP00002036,MYD88,9606,associate
apocynin,CP00002036,BEND3,9606,associate
apocynin,CP00002036,PLA2G6,9606,associate
apocynin,CP00002036,KLC1,9606,associate
apocynin,CP00002036,STAT1,9606,associate
apocynin,CP00002036,MIF,9606,associate
apocynin,CP00002036,PCK1,9606,inhibit
apocynin,CP00002036,GRIK1,9606,associate
apocynin,CP00002036,SOD2,9606,associate
apocynin,CP00002036,TTR,9606,associate
apocynin,CP00002036,ERN1,9606,associate
apocynin,CP00002036,ROCK2,9606,associate
apocynin,CP00002036,PICK1,9606,associate
apocynin,CP00002036,MYLK3,9606,associate
apocynin,CP00002036,SOD1,9606,associate
apocynin,CP00002036,PLA2G2A,9606,associate
apocynin,CP00002036,PROK1,9606,associate
apocynin,CP00002036,VIM,9606,associate
apocynin,CP00002036,EP300,9606,associate
apocynin,CP00002036,GNG13,9606,associate
apocynin,CP00002036,HECW1,9606,associate
apocynin,CP00002036,HIF1A,9606,activate
apocynin,CP00002036,RETREG2,9606,associate
apocynin,CP00002036,LSM1,9606,associate
apocynin,CP00002036,MAPK14,9606,associate
apocynin,CP00002036,MMP13,9606,associate
apocynin,CP00002036,SELE,9606,associate
apocynin,CP00002036,PRKCQ,9606,associate
apocynin,CP00002036,MAPK3,9606,inhibit
apocynin,CP00002036,MYL9,9606,associate
apocynin,CP00002036,BGLAP,9606,associate
apocynin,CP00002036,PDE5A,9606,associate
apocynin,CP00002036,PPA1,9606,associate
apocynin,CP00002036,PKN3,9606,associate
apocynin,CP00002036,STAR,9606,inhibit
apocynin,CP00002036,RELA,9606,activate
apocynin,CP00002036,CXCL10,9606,associate
apocynin,CP00002036,STXBP1,9606,associate
apocynin,CP00002036,NCF2,9606,inhibit
apocynin,CP00002036,CASP3,9606,activate
apocynin,CP00002036,PTS,9606,associate
apocynin,CP00002036,GNPDA1,9606,associate
apocynin,CP00002036,BAX,9606,associate
apocynin,CP00002036,NOS1,9606,associate
apocynin,CP00002036,LHB,9606,associate
apocynin,CP00002036,AKT1,9606,associate
apocynin,CP00002036,NR3C2,9606,associate
apocynin,CP00002036,JAK2,9606,activate
apocynin,CP00002036,PRKD3,9606,associate
apocynin,CP00002036,PRKCB,9606,associate
apocynin,CP00002036,CAT,9606,associate
apocynin,CP00002036,CAT,9606,inhibit
apocynin,CP00002036,PDGFRB,9606,associate
apocynin,CP00002036,TPGS2,9606,associate
apocynin,CP00002036,CPOX,9606,associate
apocynin,CP00002036,GLI2,9606,associate
apocynin,CP00002036,HIF1A,9606,associate
apocynin,CP00002036,KNG1,9606,associate
apocynin,CP00002036,CAVIN3,9606,associate
apocynin,CP00002036,POMC,9606,inhibit
apocynin,CP00002036,NANOS2,9606,associate
apocynin,CP00002036,GPX3,9606,associate
apocynin,CP00002036,AGT,9606,activate
apocynin,CP00002036,NOXO1,9606,associate
apocynin,CP00002036,LEPR,9606,associate
apocynin,CP00002036,BCL2,9606,inhibit
apocynin,CP00002036,PTGES2,9606,associate
apocynin,CP00002036,SLC6A12,9606,associate
apocynin,CP00002036,SOD3,9606,associate
apocynin,CP00002036,NANOS1,9606,associate
apocynin,CP00002036,PRKG1,9606,inhibit
apocynin,CP00002036,CDH3,9606,inhibit
apocynin,CP00002036,SLC33A1,9606,associate
apocynin,CP00002036,NFE2L2,9606,associate
apocynin,CP00002036,C2CD4C,9606,associate
apocynin,CP00002036,WNT1,9606,associate
apocynin,CP00002036,HSF1,9606,associate
apocynin,CP00002036,ISYNA1,9606,associate
apocynin,CP00002036,SSR4,9606,associate
apocynin,CP00002036,MMP9,9606,activate
apocynin,CP00002036,RNF19A,9606,associate
apocynin,CP00002036,NOS3,9606,inhibit
apocynin,CP00002036,RAC2,9606,associate
apocynin,CP00002036,ITGAM,9606,associate
apocynin,CP00002036,ALPL,9606,associate
apocynin,CP00002036,ATF2,9606,associate
apocynin,CP00002036,JUN,9606,activate
apocynin,CP00002036,RUNX2,9606,associate
apocynin,CP00002036,CCL18,9606,associate
apocynin,CP00002036,PTK2B,9606,inhibit
apocynin,CP00002036,AGT,9606,inhibit
apocynin,CP00002036,IFNG,9606,inhibit
apocynin,CP00002036,ABCB1,9823,associate
apocynin,CP00002036,ACTA2,9233,associate
apocynin,CP00002036,agt,48698,associate
apocynin,CP00002036,agt,48698,inhibit
apocynin,CP00002036,Aif1,10181,associate
apocynin,CP00002036,Akr1b3,10090,associate
apocynin,CP00002036,Akt1,27457,associate
apocynin,CP00002036,ALB,37040,associate
apocynin,CP00002036,ALPL,9555,associate
apocynin,CP00002036,ATF2,60711,associate
apocynin,CP00002036,BAX,9925,associate
apocynin,CP00002036,BCL2,9606,associate
apocynin,CP00002036,BCL2L1,9555,associate
apocynin,CP00002036,Bglap,885580,associate
apocynin,CP00002036,Casp3,885580,associate
apocynin,CP00002036,CAT,118200,associate
apocynin,CP00002036,CCL11,9555,associate
apocynin,CP00002036,CCL18,9555,associate
apocynin,CP00002036,CCL2,9796,associate
apocynin,CP00002036,CCL2,9796,inhibit
apocynin,CP00002036,Ccl5,885580,associate
apocynin,CP00002036,CCL7,188379,associate
apocynin,CP00002036,Cd36,10029,associate
apocynin,CP00002036,CDH3,60711,associate
apocynin,CP00002036,COL1A2,175836,associate
apocynin,CP00002036,COL3A1,8496,associate
apocynin,CP00002036,Creb1,885580,associate
apocynin,CP00002036,CSF2,60711,associate
apocynin,CP00002036,CTF1,9555,associate
apocynin,CP00002036,CXCL1,60711,associate
apocynin,CP00002036,CXCL10,9555,associate
apocynin,CP00002036,CYBA,9615,associate
apocynin,CP00002036,CYBB,60711,associate
apocynin,CP00002036,DES,9365,associate
apocynin,CP00002036,Dmd,10090,associate
apocynin,CP00002036,EDN1,60711,associate
apocynin,CP00002036,EDNRA,9233,associate
apocynin,CP00002036,Egfr,29159,associate
apocynin,CP00002036,EIF2AK3,9555,associate
apocynin,CP00002036,EP300,60711,associate
apocynin,CP00002036,FN1,93934,associate
apocynin,CP00002036,FSHB,9233,associate
apocynin,CP00002036,GAD1,8932,associate
apocynin,CP00002036,GFAP,8496,associate
apocynin,CP00002036,GJA1,9233,associate
apocynin,CP00002036,Glo1,885580,associate
apocynin,CP00002036,GNA11,9555,associate
apocynin,CP00002036,GNAQ,9606,associate
apocynin,CP00002036,Gpx1,10090,associate
apocynin,CP00002036,Gpx3,10181,associate
apocynin,CP00002036,Gpx4,10181,associate
apocynin,CP00002036,Gsdmd,885580,associate
apocynin,CP00002036,GUCY1A1,9233,activate
apocynin,CP00002036,gucy1b1,48698,activate
apocynin,CP00002036,GYPA,9606,associate
apocynin,CP00002036,HIF1A,9555,associate
apocynin,CP00002036,HIF1A,9555,activate
apocynin,CP00002036,HMGB1,9606,associate
apocynin,CP00002036,HMOX1,60711,associate
apocynin,CP00002036,HMOX1,60711,inhibit
apocynin,CP00002036,HTR1A,9555,associate
apocynin,CP00002036,Htra2,885580,associate
apocynin,CP00002036,ICAM1,9555,associate
apocynin,CP00002036,ICAM1,9555,inhibit
apocynin,CP00002036,Ifnb1,885580,associate
apocynin,CP00002036,IFNG,9233,associate
apocynin,CP00002036,IL18,9606,associate
apocynin,CP00002036,LOC103151753,48698,associate
apocynin,CP00002036,IL6,9978,associate
apocynin,CP00002036,Ins1,10116,associate
apocynin,CP00002036,Itga2b,64838,associate
apocynin,CP00002036,ITGAM,60711,associate
apocynin,CP00002036,ITGB3,60711,associate
apocynin,CP00002036,Jak2,885580,associate
apocynin,CP00002036,LOC103137045,48698,associate
apocynin,CP00002036,LEP,59729,associate
apocynin,CP00002036,LEPR,60711,associate
apocynin,CP00002036,Lhb,10116,associate
apocynin,CP00002036,MAPK1,8839,associate
apocynin,CP00002036,MAPK3,60711,associate
apocynin,CP00002036,MAPK8,9233,associate
apocynin,CP00002036,MAPK9,9233,associate
apocynin,CP00002036,MIF,9233,associate
apocynin,CP00002036,MLKL,9555,associate
apocynin,CP00002036,Mmp13,885580,associate
apocynin,CP00002036,MMP9,9925,associate
apocynin,CP00002036,Mpo,10116,inhibit
apocynin,CP00002036,Mpo,10116,associate
apocynin,CP00002036,Msr1,885580,associate
apocynin,CP00002036,MYL9,9555,associate
apocynin,CP00002036,Ncf1,885580,associate
apocynin,CP00002036,NCF2,60711,associate
apocynin,CP00002036,NFE2L2,8839,associate
apocynin,CP00002036,NFKBIA,9238,associate
apocynin,CP00002036,NLRP3,9925,associate
apocynin,CP00002036,NOS2,9365,associate
apocynin,CP00002036,Nos3,885580,associate
apocynin,CP00002036,Nos3,885580,activate
apocynin,CP00002036,nox1,48698,associate
apocynin,CP00002036,nox2,7719,associate
apocynin,CP00002036,Nox4,10029,associate
apocynin,CP00002036,LOC103141939,48698,associate
apocynin,CP00002036,NOXO1,60711,associate
apocynin,CP00002036,Nphs1,10116,associate
apocynin,CP00002036,NPHS2,9365,associate
apocynin,CP00002036,PCK1,9233,associate
apocynin,CP00002036,pck2,48698,associate
apocynin,CP00002036,Pcna,885580,associate
apocynin,CP00002036,Pde5a,885580,associate
apocynin,CP00002036,Plcb1,10181,associate
apocynin,CP00002036,PLCB2,60711,associate
apocynin,CP00002036,POMC,9555,associate
apocynin,CP00002036,PRKG1,55661,associate
apocynin,CP00002036,PTGS2,100784,associate
apocynin,CP00002036,PTGS2,100784,inhibit
apocynin,CP00002036,PTK2B,8496,associate
apocynin,CP00002036,PVALB,9606,associate
apocynin,CP00002036,Pycard,885580,associate
apocynin,CP00002036,RAC1,8969,inhibit
apocynin,CP00002036,S100A4,9555,associate
apocynin,CP00002036,SELE,60711,associate
apocynin,CP00002036,SHC1,9233,associate
apocynin,CP00002036,SIRT1,9606,associate
apocynin,CP00002036,slc40a1,48698,associate
apocynin,CP00002036,sod1,215358,associate
apocynin,CP00002036,sod2,215358,associate
apocynin,CP00002036,star,8022,associate
apocynin,CP00002036,Stat1,10090,associate
apocynin,CP00002036,TGFB1,9555,associate
apocynin,CP00002036,Th,10029,inhibit
apocynin,CP00002036,TJP1,9031,associate
apocynin,CP00002036,Tnf,885580,associate
apocynin,CP00002036,TP53,9685,associate
apocynin,CP00002036,VCAM1,60711,associate
apocynin,CP00002036,XDH,9233,associate
apocynin,CP00002036,TOX3,9606,associate
apocynin,CP00002036,VPS18,9606,associate
apocynin,CP00002036,TGFB1,9606,associate
apocynin,CP00002036,ATIC,9606,associate
apocynin,CP00002036,MSX2,9606,associate
apocynin,CP00002036,MON1B,9606,associate
apocynin,CP00002036,UGT2A3,9606,associate
apocynin,CP00002036,SLC35D2,9606,associate
apocynin,CP00002036,ERN2,9606,associate
apocynin,CP00002036,CCNH,9606,associate
apocynin,CP00002036,GAD2,9606,associate
apocynin,CP00002036,LMNB1,9606,associate
apocynin,CP00002036,ARG2,9606,associate
apocynin,CP00002036,RAB11A,9606,associate
apocynin,CP00002036,CCNT1,9606,associate
apocynin,CP00002036,SMAD2,9606,associate
apocynin,CP00002036,DNAJA3,9606,associate
apocynin,CP00002036,ATP2C2,9606,associate
apocynin,CP00002036,CABIN1,9606,associate
apocynin,CP00002036,CCNT2,9606,associate
apocynin,CP00002036,UBE2S,9606,associate
apocynin,CP00002036,UGT2B10,9606,associate
apocynin,CP00002036,PRKAR2A,9606,associate
apocynin,CP00002036,PRKAR2B,9606,associate
apocynin,CP00002036,SORD,9606,associate
apocynin,CP00002036,SEC11A,9606,associate
apocynin,CP00002036,MAP1LC3B,9606,associate
apocynin,CP00002036,UGT3A1,9606,associate
apocynin,CP00002036,IMMP1L,9606,associate
apocynin,CP00002036,KHDRBS2,9606,associate
apocynin,CP00002036,TJP1,9606,associate
apocynin,CP00002036,UGT3A2,9606,associate
apocynin,CP00002036,TBC1D31,9606,associate
apocynin,CP00002036,COQ5,9606,associate
apocynin,CP00002036,HPD,9606,associate
apocynin,CP00002036,NAGS,9606,associate
apocynin,CP00002036,CCNL1,9606,associate
apocynin,CP00002036,MON1A,9606,associate
apocynin,CP00002036,HMGB2,9606,associate
apocynin,CP00002036,ITGA2,9606,associate
apocynin,CP00002036,GPER1,9606,associate
apocynin,CP00002036,LRRK2,9606,associate
apocynin,CP00002036,DCTN5,9606,associate
apocynin,CP00002036,USP42,9606,associate
apocynin,CP00002036,UBTF,9606,associate
apocynin,CP00002036,UGT1A6,9606,associate
apocynin,CP00002036,UGT2B7,9606,associate
apocynin,CP00002036,UGT1A1,9606,associate
apocynin,CP00002036,UGT2B4,9606,associate
apocynin,CP00002036,NUDT6,9606,associate
apocynin,CP00002036,CYCS,9606,associate
apocynin,CP00002036,SH3PXD2B,9606,associate
apocynin,CP00002036,UGT8,9606,associate
apocynin,CP00002036,KHDRBS1,9606,associate
apocynin,CP00002036,DNAJA2,9606,associate
apocynin,CP00002036,UGT2B17,9606,associate
apocynin,CP00002036,HMG20B,9606,associate
apocynin,CP00002036,IMMP2L,9606,associate
apocynin,CP00002036,USP17L2,9606,associate
apocynin,CP00002036,RAB11B,9606,associate
apocynin,CP00002036,UGT2B28,9606,associate
apocynin,CP00002036,HPDL,9606,associate
apocynin,CP00002036,HMG20A,9606,associate
apocynin,CP00002036,FOXO3,9606,associate
apocynin,CP00002036,CNBD2,9606,associate
apocynin,CP00002036,ACACB,9606,associate
apocynin,CP00002036,UGT2B15,9606,associate
apocynin,CP00002036,UGT1A10,9606,associate
apocynin,CP00002036,TOX2,9606,associate
apocynin,CP00002036,SAMM50,9606,associate
apocynin,CP00002036,UGT1A9,9606,associate
apocynin,CP00002036,KHDRBS3,9606,associate
apocynin,CP00002036,SH3PXD2A,9606,associate
apocynin,CP00002036,ATP2A1,9606,associate
apocynin,CP00002036,RIMKLB,9606,associate
apocynin,CP00002036,GAD1,9606,associate
apocynin,CP00002036,PRKAR1A,9606,associate
apocynin,CP00002036,RPE,9606,associate
apocynin,CP00002036,ATP2A3,9606,associate
apocynin,CP00002036,HLA-DRB1,9606,associate
apocynin,CP00002036,PRKAR1B,9606,associate
apocynin,CP00002036,MAPK8,9606,associate
apocynin,CP00002036,TLR9,9606,associate
apocynin,CP00002036,RAB25,9606,associate
apocynin,CP00002036,CYTB,9606,associate
apocynin,CP00002036,GPX6,9606,associate
apocynin,CP00002036,GPX7,9606,associate
apocynin,CP00002036,TOX,9606,associate
apocynin,CP00002036,DMD,9606,associate
apocynin,CP00002036,QKI,9606,associate
apocynin,CP00002036,RYR2,9606,associate
apocynin,CP00002036,ARG1,9606,associate
apocynin,CP00002036,LMNA,9606,associate
apocynin,CP00002036,PDSS2,9606,associate
apocynin,CP00002036,HMGB3,9606,associate
apocynin,CP00002036,MRPS15,9606,associate
apocynin,CP00002036,UGT1A4,9606,associate
apocynin,CP00002036,UGT1A5,9606,associate
apocynin,CP00002036,UGT1A7,9606,associate
apocynin,CP00002036,UGT1A8,9606,associate
apocynin,CP00002036,AOX1,9606,associate
apocynin,CP00002036,HLA-DRB5,9606,associate
apocynin,CP00002036,SDHB,9606,associate
apocynin,CP00002036,AGMAT,9606,associate
apocynin,CP00002036,DNAJC16,9606,associate
apocynin,CP00002036,SF1,9606,associate
apocynin,CP00002036,DNAJA1,9606,associate
apocynin,CP00002036,KRT18,9606,associate
apocynin,CP00002036,NOX5,9606,associate
apocynin,CP00002036,DUOX2,9606,associate
apocynin,CP00002036,GPX2,9606,associate
apocynin,CP00002036,CCNK,9606,associate
apocynin,CP00002036,RABL2A,9606,associate
apocynin,CP00002036,DNAJA4,9606,associate
apocynin,CP00002036,RABL2B,9606,associate
apocynin,CP00002036,NCF4,9606,associate
apocynin,CP00002036,PAFAH1B1,9606,associate
apocynin,CP00002036,CCNL2,9606,associate
apocynin,CP00002036,PNPLA7,9606,associate
apocynin,CP00002036,ELAVL1,9606,associate
apocynin,CP00002036,UGT2B11,9606,associate
apocynin,CP00002036,USP17L12,9606,associate
apocynin,CP00002036,USP17L11,9606,associate
apocynin,CP00002036,USP17L10,9606,associate
apocynin,CP00002036,GPX1,9606,associate
apocynin,CP00002036,PNPLA6,9606,associate
apocynin,CP00002036,USP17L15,9606,associate
apocynin,CP00002036,RIMKLA,9606,associate
apocynin,CP00002036,DNAJC24,9606,associate
apocynin,CP00002036,UGT1A3,9606,associate
apocynin,CP00002036,TFAM,9606,associate
apocynin,CP00002036,USP17L25,9606,associate
apocynin,CP00002036,USP17L21,9606,associate
apocynin,CP00002036,USP17L17,9606,associate
apocynin,CP00002036,USP17L30,9606,associate
apocynin,CP00002036,USP17L29,9606,associate
apocynin,CP00002036,USP17L22,9606,associate
apocynin,CP00002036,USP17L27,9606,associate
apocynin,CP00002036,USP17L18,9606,associate
apocynin,CP00002036,USP17L28,9606,associate
apocynin,CP00002036,GPX8,9606,associate
apocynin,CP00002036,USP17L24,9606,associate
apocynin,CP00002036,USP17L19,9606,associate
apocynin,CP00002036,USP17L5,9606,associate
apocynin,CP00002036,USP17L20,9606,associate
apocynin,CP00002036,USP17L26,9606,associate
apocynin,CP00002036,CCNC,9606,associate
apocynin,CP00002036,HMGB4,9606,associate
apocynin,CP00002036,RPS13,9606,associate
apocynin,CP00002036,ATP2A2,9606,associate
apocynin,CP00002036,SEC11C,9606,associate
apocynin,CP00002036,TDP1,9606,associate
apocynin,CP00002036,CA7,9606,associate
apocynin,CP00002036,CA12,9606,associate
apocynin,CP00002036,CA2,9606,associate
apocynin,CP00002036,CA9,9606,associate
apocynin,CP00002036,CA14,9606,associate
apocynin,CP00002036,CA1,9606,associate
apocynin,CP00002036,ALOX5,9606,associate
apocynin,CP00002036,DUSP3,9606,associate
apocynin,CP00002036,CA6,9606,associate
apocynin,CP00002036,MAOB,9606,associate
apocynin,CP00002036,CA4,9606,associate
apocynin,CP00002036,CA3,9606,associate
apocynin,CP00002036,CA5A,9606,associate
apocynin,CP00002036,ALOX12,9606,associate
apocynin,CP00002036,MCL1,9606,associate
apocynin,CP00002036,PTPN7,9606,associate
apocynin,CP00002036,ALOX15,9606,associate
apocynin,CP00002036,ALPI,9606,associate
apocynin,CP00002036,AHR,9606,associate
apocynin,CP00002036,CA5B,9606,associate
apocynin,CP00002036,TRPV1,9606,associate
apocynin,CP00002036,ABCB1,9606,associate
apocynin,CP00002036,ESR2,9606,associate
apocynin,CP00002036,THRB,9606,associate
apocynin,CP00002036,PABPC1,9606,associate
apocynin,CP00002036,FYN,9606,associate
apocynin,CP00002036,ATG4B,9606,associate
apocynin,CP00002036,APP,9606,associate
apocynin,CP00002036,PTPN5,9606,associate
apocynin,CP00002036,TNFRSF1A,9606,associate
apocynin,CP00002036,SNCA,9606,associate
apocynin,CP00002036,ACHE,9606,associate
apocynin,CP00002036,CTDSP1,9606,associate
apocynin,CP00002036,XBP1,9606,associate
apocynin,CP00002036,MAOA,9606,associate
apocynin,CP00002036,APOBEC3G,9606,associate
apocynin,CP00002036,TUBB1,9606,associate
apocynin,CP00002036,GPR35,9606,associate
apocynin,CP00002036,AKR1C3,9606,associate
apocynin,CP00002036,NQO2,9606,associate
apocynin,CP00002036,PTPN11,9606,associate
apocynin,CP00002036,CAMK2A,9606,associate
apocynin,CP00002036,CYP1A2,9606,associate
apocynin,CP00002036,TERT,9606,associate
apocynin,CP00002036,ACVR1,9606,associate
apocynin,CP00002036,PIM1,9606,associate
apocynin,CP00002036,PDE4B,9606,associate
apocynin,CP00002036,SENP6,9606,associate
apocynin,CP00002036,CSNK1G2,9606,associate
apocynin,CP00002036,RARB,9606,associate
apocynin,CP00002036,ESR1,9606,associate
apocynin,CP00002036,GLO1,9606,associate
apocynin,CP00002036,PTPN1,9606,associate
apocynin,CP00002036,MPI,9606,associate
apocynin,CP00002036,TAAR1,9606,associate
apocynin,CP00002036,SMO,9606,associate
apocynin,CP00002036,KLF5,9606,associate
apocynin,CP00002036,NR1H2,9606,associate
apocynin,CP00002036,AURKA,9606,associate
apocynin,CP00002036,PRKAA1,9606,associate
apocynin,CP00002036,CYP2D6,9606,associate
apocynin,CP00002036,SHBG,9606,associate
apocynin,CP00002036,HPSE,9606,associate
apocynin,CP00002036,HSD17B1,9606,associate
apocynin,CP00002036,PTK2B,9606,associate
apocynin,CP00002036,STK17A,9606,associate
apocynin,CP00002036,CSNK2A1,9606,associate
apocynin,CP00002036,PBK,9606,associate
apocynin,CP00002036,DYRK1A,9606,associate
apocynin,CP00002036,STAT3,9606,associate
apocynin,CP00002036,CES2,9606,associate
apocynin,CP00002036,PRSS1,9606,associate
apocynin,CP00002036,ABCG2,9606,associate
apocynin,CP00002036,TGFBR2,9606,associate
apocynin,CP00002036,SLCO1B1,9606,associate
apocynin,CP00002036,STK4,9606,associate
apocynin,CP00002036,ADCY1,9606,associate
apocynin,CP00002036,ADAMTS4,9606,associate
apocynin,CP00002036,CFTR,9606,associate
apocynin,CP00002036,CYP11B2,9606,associate
apocynin,CP00002036,GGPS1,9606,associate
apocynin,CP00002036,CACNA1B,9606,associate
apocynin,CP00002036,FGF1,9606,associate
apocynin,CP00002036,FCER2,9606,associate
apocynin,CP00002036,FOLR1,9606,associate
apocynin,CP00002036,ALOX5AP,9606,associate
apocynin,CP00002036,PDK2,9606,associate
apocynin,CP00002036,PHOSPHO1,9606,associate
apocynin,CP00002036,TMPRSS11D,9606,associate
apocynin,CP00002036,TMPRSS6,9606,associate
resacetophenone,CP00006291,SLC28A3,9606,inhibit
resacetophenone,CP00006291,ESR2,9606,associate
resacetophenone,CP00006291,STS,9606,associate
resacetophenone,CP00006291,IL17F,9606,associate
resacetophenone,CP00006291,CYP1A2,9606,associate
resacetophenone,CP00006291,PTGS2,9606,associate
resacetophenone,CP00006291,LSS,9606,associate
resacetophenone,CP00006291,MBD2,9606,associate
resacetophenone,CP00006291,MARS,9606,associate
resacetophenone,CP00006291,MID1,9606,associate
resacetophenone,CP00006291,ESR1,9606,associate
resacetophenone,CP00006291,CDC25B,9606,associate
resacetophenone,CP00006291,DUSP22,9606,associate
resacetophenone,CP00006291,ureB,85962,inhibit
resacetophenone,CP00006291,BCHE,9796,inhibit
resacetophenone,CP00006291,MAOA,9606,inhibit
resacetophenone,CP00006291,MAOB,9606,inhibit
resacetophenone,CP00006291,CA12,9606,associate
resacetophenone,CP00006291,CA7,9606,associate
resacetophenone,CP00006291,CA1,9606,associate
resacetophenone,CP00006291,CA2,9606,associate
resacetophenone,CP00006291,CA9,9606,associate
resacetophenone,CP00006291,CA14,9606,associate
resacetophenone,CP00006291,CES2,9606,associate
resacetophenone,CP00006291,MAOB,9606,associate
resacetophenone,CP00006291,HSD17B1,9606,associate
resacetophenone,CP00006291,ALOX15,9606,associate
resacetophenone,CP00006291,STAT1,9606,associate
resacetophenone,CP00006291,TTR,9606,associate
resacetophenone,CP00006291,SENP7,9606,associate
resacetophenone,CP00006291,MAOA,9606,associate
resacetophenone,CP00006291,ALOX5,9606,associate
resacetophenone,CP00006291,AKR1B1,9606,associate
resacetophenone,CP00006291,DYRK1A,9606,associate
resacetophenone,CP00006291,CA3,9606,associate
resacetophenone,CP00006291,HSD17B2,9606,associate
resacetophenone,CP00006291,PTPN1,9606,associate
resacetophenone,CP00006291,GPR35,9606,associate
resacetophenone,CP00006291,CA6,9606,associate
resacetophenone,CP00006291,TYR,9606,associate
resacetophenone,CP00006291,PDK1,9606,associate
resacetophenone,CP00006291,S1PR4,9606,associate
resacetophenone,CP00006291,ALOX12,9606,associate
resacetophenone,CP00006291,MMP9,9606,associate
resacetophenone,CP00006291,NCOA3,9606,associate
resacetophenone,CP00006291,PTGS1,9606,associate
resacetophenone,CP00006291,CTDSP1,9606,associate
resacetophenone,CP00006291,PRKDC,9606,associate
resacetophenone,CP00006291,PIM1,9606,associate
resacetophenone,CP00006291,GALR3,9606,associate
resacetophenone,CP00006291,CA5A,9606,associate
resacetophenone,CP00006291,ALPI,9606,associate
resacetophenone,CP00006291,XBP1,9606,associate
resacetophenone,CP00006291,CYP2B6,9606,associate
resacetophenone,CP00006291,CA5B,9606,associate
resacetophenone,CP00006291,KCNA1,9606,associate
resacetophenone,CP00006291,NOX4,9606,associate
resacetophenone,CP00006291,HSD17B3,9606,associate
resacetophenone,CP00006291,AKR1C3,9606,associate
resacetophenone,CP00006291,NQO2,9606,associate
resacetophenone,CP00006291,STAT3,9606,associate
resacetophenone,CP00006291,SMAD3,9606,associate
resacetophenone,CP00006291,HSP90AA1,9606,associate
resacetophenone,CP00006291,MKNK2,9606,associate
resacetophenone,CP00006291,CSNK1A1,9606,associate
resacetophenone,CP00006291,MMP1,9606,associate
resacetophenone,CP00006291,TGFBR2,9606,associate
resacetophenone,CP00006291,SLCO1B1,9606,associate
resacetophenone,CP00006291,STK4,9606,associate
resacetophenone,CP00006291,VCAM1,9606,associate
resacetophenone,CP00006291,ADCY1,9606,associate
resacetophenone,CP00006291,ADAMTS4,9606,associate
resacetophenone,CP00006291,CFTR,9606,associate
resacetophenone,CP00006291,CYP11B2,9606,associate
resacetophenone,CP00006291,GGPS1,9606,associate
resacetophenone,CP00006291,CACNA1B,9606,associate
resacetophenone,CP00006291,FGF1,9606,associate
resacetophenone,CP00006291,FCER2,9606,associate
resacetophenone,CP00006291,FOLR1,9606,associate
resacetophenone,CP00006291,ALOX5AP,9606,associate
resacetophenone,CP00006291,PDK2,9606,associate
resacetophenone,CP00006291,PHOSPHO1,9606,associate
resacetophenone,CP00006291,TMPRSS11D,9606,associate
resacetophenone,CP00006291,TMPRSS6,9606,associate
resacetophenone,CP00006291,PRKCE,9606,associate
resacetophenone,CP00006291,ITGA4,9606,associate
resacetophenone,CP00006291,SSTR3,9606,associate
resacetophenone,CP00006291,SSTR5,9606,associate
resacetophenone,CP00006291,WNT3A,9606,associate
resacetophenone,CP00006291,PDE1B,9606,associate
resacetophenone,CP00006291,PLA2G4A,9606,associate
resacetophenone,CP00006291,PLA2G2A,9606,associate
resacetophenone,CP00006291,RELA,9606,associate
resacetophenone,CP00006291,KIF11,9606,associate
resacetophenone,CP00006291,SERPINE1,9606,associate
resacetophenone,CP00006291,TXK,9606,associate
resacetophenone,CP00006291,NAMPT,9606,associate
resacetophenone,CP00006291,CDK8,9606,associate
resacetophenone,CP00006291,NR1H4,9606,associate
resacetophenone,CP00006291,CHRNA3,9606,associate
resacetophenone,CP00006291,CYP51A1,9606,associate
resacetophenone,CP00006291,PKN2,9606,associate
resacetophenone,CP00006291,POLB,9606,associate
resacetophenone,CP00006291,EP300,9606,associate
resacetophenone,CP00006291,TPSAB1,9606,associate
resacetophenone,CP00006291,PIP4K2B,9606,associate
resacetophenone,CP00006291,DLG4,9606,associate
resacetophenone,CP00006291,MIF,9606,associate
resacetophenone,CP00006291,CD74,9606,associate
resacetophenone,CP00006291,PRF1,9606,associate
resacetophenone,CP00006291,KDM4C,9606,associate
resacetophenone,CP00006291,HTR7,9606,associate
4-hydroxyacetophenone,CP00006754,ALDH5A1,9606,inhibit
4-hydroxyacetophenone,CP00006754,ABAT,9606,inhibit
4-hydroxyacetophenone,CP00006754,HSD17B3,9606,associate
4-hydroxyacetophenone,CP00006754,HSD17B3,9606,inhibit
4-hydroxyacetophenone,CP00006754,UGT1A6,9606,associate
4-hydroxyacetophenone,CP00006754,UGT1A9,9606,associate
4-hydroxyacetophenone,CP00006754,AR,9606,associate
4-hydroxyacetophenone,CP00006754,BCL10,9606,associate
4-hydroxyacetophenone,CP00006754,ALDH2,9606,associate
4-hydroxyacetophenone,CP00006754,PON1,9606,associate
4-hydroxyacetophenone,CP00006754,PYGM,9606,associate
4-hydroxyacetophenone,CP00006754,CD48,9606,associate
4-hydroxyacetophenone,CP00006754,TYR,9606,associate
4-hydroxyacetophenone,CP00006754,ADK,9606,associate
4-hydroxyacetophenone,CP00006754,PYGL,9606,associate
4-hydroxyacetophenone,CP00006754,TIMM8A,9606,associate
4-hydroxyacetophenone,CP00006754,CLNK,9606,associate
4-hydroxyacetophenone,CP00006754,DHDH,9606,associate
4-hydroxyacetophenone,CP00006754,DECR1,9606,associate
4-hydroxyacetophenone,CP00006754,HPD,9606,associate
4-hydroxyacetophenone,CP00006754,ALDH1A1,9606,associate
4-hydroxyacetophenone,CP00006754,ALPL,9606,associate
4-hydroxyacetophenone,CP00006754,SIM2,9606,associate
4-hydroxyacetophenone,CP00006754,GSTA2,9606,associate
4-hydroxyacetophenone,CP00006754,PON2,9606,associate
4-hydroxyacetophenone,CP00006754,SAGE1,9606,associate
4-hydroxyacetophenone,CP00006754,GPR176,9606,associate
4-hydroxyacetophenone,CP00006754,KDM5D,9606,associate
4-hydroxyacetophenone,CP00006754,ADK,9555,associate
4-hydroxyacetophenone,CP00006754,ALDH1A1,60711,associate
4-hydroxyacetophenone,CP00006754,pygl,48698,associate
4-hydroxyacetophenone,CP00006754,pygm,48698,associate
4-hydroxyacetophenone,CP00006754,Tyr,29159,associate
4-hydroxyacetophenone,CP00006754,FAP,9606,associate
4-hydroxyacetophenone,CP00006754,ACOT8,9606,associate
4-hydroxyacetophenone,CP00006754,RASIP1,9606,associate
4-hydroxyacetophenone,CP00006754,COMP,9606,associate
4-hydroxyacetophenone,CP00006754,ACOT13,9606,associate
4-hydroxyacetophenone,CP00006754,CYP2E1,9606,associate
4-hydroxyacetophenone,CP00006754,MICAL2,9606,associate
4-hydroxyacetophenone,CP00006754,MYO1G,9606,associate
4-hydroxyacetophenone,CP00006754,CYP2C9,9606,associate
4-hydroxyacetophenone,CP00006754,HEXB,9606,associate
4-hydroxyacetophenone,CP00006754,MYO5C,9606,associate
4-hydroxyacetophenone,CP00006754,TLK2,9606,associate
4-hydroxyacetophenone,CP00006754,MYO5B,9606,associate
4-hydroxyacetophenone,CP00006754,CYP2C18,9606,associate
4-hydroxyacetophenone,CP00006754,VBP1,9606,associate
4-hydroxyacetophenone,CP00006754,WRN,9606,associate
4-hydroxyacetophenone,CP00006754,CYP2A6,9606,associate
4-hydroxyacetophenone,CP00006754,ACOT12,9606,associate
4-hydroxyacetophenone,CP00006754,FASN,9606,associate
4-hydroxyacetophenone,CP00006754,PAM,9606,associate
4-hydroxyacetophenone,CP00006754,PBLD,9606,associate
4-hydroxyacetophenone,CP00006754,IQCB1,9606,associate
4-hydroxyacetophenone,CP00006754,AKR1A1,9606,associate
4-hydroxyacetophenone,CP00006754,EXD2,9606,associate
4-hydroxyacetophenone,CP00006754,CYP2A13,9606,associate
4-hydroxyacetophenone,CP00006754,CYP2F1,9606,associate
4-hydroxyacetophenone,CP00006754,THBS4,9606,associate
4-hydroxyacetophenone,CP00006754,BLM,9606,associate
4-hydroxyacetophenone,CP00006754,THRB,9606,associate
4-hydroxyacetophenone,CP00006754,MICAL1,9606,associate
4-hydroxyacetophenone,CP00006754,THBS3,9606,associate
4-hydroxyacetophenone,CP00006754,SLC25A28,9606,associate
4-hydroxyacetophenone,CP00006754,CYP2J2,9606,associate
4-hydroxyacetophenone,CP00006754,CYP2C8,9606,associate
4-hydroxyacetophenone,CP00006754,ACOT11,9606,associate
4-hydroxyacetophenone,CP00006754,CYP2C19,9606,associate
4-hydroxyacetophenone,CP00006754,PFDN6,9606,associate
4-hydroxyacetophenone,CP00006754,ACOT7,9606,associate
4-hydroxyacetophenone,CP00006754,CARS,9606,associate
4-hydroxyacetophenone,CP00006754,MYO5A,9606,associate
4-hydroxyacetophenone,CP00006754,RECQL,9606,associate
4-hydroxyacetophenone,CP00006754,TLK1,9606,associate
4-hydroxyacetophenone,CP00006754,MICAL3,9606,associate
4-hydroxyacetophenone,CP00006754,SLC25A37,9606,associate
4-hydroxyacetophenone,CP00006754,ESR1,9606,associate
4-hydroxyacetophenone,CP00006754,ESR2,9606,associate
4-hydroxyacetophenone,CP00006754,CA12,9606,associate
4-hydroxyacetophenone,CP00006754,CA2,9606,associate
4-hydroxyacetophenone,CP00006754,CA1,9606,associate
4-hydroxyacetophenone,CP00006754,CA3,9606,associate
4-hydroxyacetophenone,CP00006754,CA9,9606,associate
4-hydroxyacetophenone,CP00006754,CA7,9606,associate
4-hydroxyacetophenone,CP00006754,HSD17B1,9606,associate
4-hydroxyacetophenone,CP00006754,CA14,9606,associate
4-hydroxyacetophenone,CP00006754,CA4,9606,associate
4-hydroxyacetophenone,CP00006754,CA6,9606,associate
4-hydroxyacetophenone,CP00006754,CES2,9606,associate
4-hydroxyacetophenone,CP00006754,PTGS1,9606,associate
4-hydroxyacetophenone,CP00006754,CA5A,9606,associate
4-hydroxyacetophenone,CP00006754,MAOB,9606,associate
4-hydroxyacetophenone,CP00006754,CA5B,9606,associate
4-hydroxyacetophenone,CP00006754,MCL1,9606,associate
4-hydroxyacetophenone,CP00006754,NQO2,9606,associate
4-hydroxyacetophenone,CP00006754,APP,9606,associate
4-hydroxyacetophenone,CP00006754,AKR1C3,9606,associate
4-hydroxyacetophenone,CP00006754,TLR9,9606,associate
4-hydroxyacetophenone,CP00006754,NCOA3,9606,associate
4-hydroxyacetophenone,CP00006754,CTDSP1,9606,associate
4-hydroxyacetophenone,CP00006754,TAAR1,9606,associate
4-hydroxyacetophenone,CP00006754,SENP7,9606,associate
4-hydroxyacetophenone,CP00006754,SENP8,9606,associate
4-hydroxyacetophenone,CP00006754,DYRK1A,9606,associate
4-hydroxyacetophenone,CP00006754,STAT3,9606,associate
4-hydroxyacetophenone,CP00006754,NOD2,9606,associate
4-hydroxyacetophenone,CP00006754,ALOX5,9606,associate
4-hydroxyacetophenone,CP00006754,MIF,9606,associate
4-hydroxyacetophenone,CP00006754,ELANE,9606,associate
4-hydroxyacetophenone,CP00006754,SLC6A3,9606,associate
4-hydroxyacetophenone,CP00006754,GALR3,9606,associate
4-hydroxyacetophenone,CP00006754,SRD5A2,9606,associate
4-hydroxyacetophenone,CP00006754,AHR,9606,associate
4-hydroxyacetophenone,CP00006754,PRKCG,9606,associate
4-hydroxyacetophenone,CP00006754,MAOA,9606,associate
4-hydroxyacetophenone,CP00006754,SENP6,9606,associate
4-hydroxyacetophenone,CP00006754,ATG4B,9606,associate
4-hydroxyacetophenone,CP00006754,CES1,9606,associate
4-hydroxyacetophenone,CP00006754,LNPEP,9606,associate
4-hydroxyacetophenone,CP00006754,HDAC10,9606,associate
4-hydroxyacetophenone,CP00006754,PTGS2,9606,associate
4-hydroxyacetophenone,CP00006754,EIF4H,9606,associate
4-hydroxyacetophenone,CP00006754,GPR35,9606,associate
4-hydroxyacetophenone,CP00006754,NOX1,9606,associate
4-hydroxyacetophenone,CP00006754,PIM2,9606,associate
4-hydroxyacetophenone,CP00006754,GPR55,9606,associate
4-hydroxyacetophenone,CP00006754,CSNK1A1,9606,associate
4-hydroxyacetophenone,CP00006754,ABCG2,9606,associate
4-hydroxyacetophenone,CP00006754,TGFBR2,9606,associate
4-hydroxyacetophenone,CP00006754,SLCO1B1,9606,associate
4-hydroxyacetophenone,CP00006754,STK4,9606,associate
4-hydroxyacetophenone,CP00006754,VCAM1,9606,associate
4-hydroxyacetophenone,CP00006754,ADCY1,9606,associate
4-hydroxyacetophenone,CP00006754,ADAMTS4,9606,associate
4-hydroxyacetophenone,CP00006754,CFTR,9606,associate
4-hydroxyacetophenone,CP00006754,CYP11B2,9606,associate
4-hydroxyacetophenone,CP00006754,GGPS1,9606,associate
4-hydroxyacetophenone,CP00006754,CACNA1B,9606,associate
4-hydroxyacetophenone,CP00006754,FGF1,9606,associate
4-hydroxyacetophenone,CP00006754,FCER2,9606,associate
4-hydroxyacetophenone,CP00006754,FOLR1,9606,associate
4-hydroxyacetophenone,CP00006754,ALOX5AP,9606,associate
4-hydroxyacetophenone,CP00006754,PDK2,9606,associate
4-hydroxyacetophenone,CP00006754,PHOSPHO1,9606,associate
4-hydroxyacetophenone,CP00006754,TMPRSS11D,9606,associate
4-hydroxyacetophenone,CP00006754,TMPRSS6,9606,associate
4-hydroxyacetophenone,CP00006754,PRKCE,9606,associate
4-hydroxyacetophenone,CP00006754,ITGA4,9606,associate
4-hydroxyacetophenone,CP00006754,SSTR3,9606,associate
4-hydroxyacetophenone,CP00006754,STS,9606,associate
4-hydroxyacetophenone,CP00006754,SSTR5,9606,associate
4-hydroxyacetophenone,CP00006754,WNT3A,9606,associate
4-hydroxyacetophenone,CP00006754,PDE1B,9606,associate
4-hydroxyacetophenone,CP00006754,PLA2G4A,9606,associate
4-hydroxyacetophenone,CP00006754,PLA2G2A,9606,associate
4-hydroxyacetophenone,CP00006754,RELA,9606,associate
4-hydroxyacetophenone,CP00006754,KIF11,9606,associate
4-hydroxyacetophenone,CP00006754,SERPINE1,9606,associate
4-hydroxyacetophenone,CP00006754,TXK,9606,associate
4-hydroxyacetophenone,CP00006754,NAMPT,9606,associate
4-hydroxyacetophenone,CP00006754,CDK8,9606,associate
4-hydroxyacetophenone,CP00006754,NR1H4,9606,associate
4-hydroxyacetophenone,CP00006754,CHRNA3,9606,associate
4-hydroxyacetophenone,CP00006754,CYP51A1,9606,associate
4-hydroxyacetophenone,CP00006754,PKN2,9606,associate
4-hydroxyacetophenone,CP00006754,POLB,9606,associate
4-hydroxyacetophenone,CP00006754,EP300,9606,associate
4-hydroxyacetophenone,CP00006754,TPSAB1,9606,associate
4-hydroxyacetophenone,CP00006754,PIP4K2B,9606,associate
4-hydroxyacetophenone,CP00006754,DLG4,9606,associate
4-hydroxyacetophenone,CP00006754,CD74,9606,associate
4-hydroxyacetophenone,CP00006754,PRF1,9606,associate
4-hydroxyacetophenone,CP00006754,KDM4C,9606,associate
"2,5-dihydroxyacetophenone",CP00009198,OTUD5,9606,associate
"2,5-dihydroxyacetophenone",CP00009198,FAP,9606,associate
"2,5-dihydroxyacetophenone",CP00009198,OTUB2,9606,associate
"2,5-dihydroxyacetophenone",CP00009198,JOSD1,9606,associate
"2,5-dihydroxyacetophenone",CP00009198,NEDD8,9606,associate
"2,5-dihydroxyacetophenone",CP00009198,USP22,9606,associate
"2,5-dihydroxyacetophenone",CP00009198,DPP9,9606,associate
"2,5-dihydroxyacetophenone",CP00009198,MAP3K8,9606,associate
"2,5-dihydroxyacetophenone",CP00009198,UBE2S,9606,associate
"2,5-dihydroxyacetophenone",CP00009198,TMEM87B,9606,associate
"2,5-dihydroxyacetophenone",CP00009198,UBE2L6,9606,associate
"2,5-dihydroxyacetophenone",CP00009198,NAE1,9606,associate
"2,5-dihydroxyacetophenone",CP00009198,APEH,9606,associate
"2,5-dihydroxyacetophenone",CP00009198,MIDN,9606,associate
"2,5-dihydroxyacetophenone",CP00009198,USP48,9606,associate
"2,5-dihydroxyacetophenone",CP00009198,PARL,9606,associate
"2,5-dihydroxyacetophenone",CP00009198,UBE2G2,9606,associate
"2,5-dihydroxyacetophenone",CP00009198,DPP8,9606,associate
"2,5-dihydroxyacetophenone",CP00009198,OTUD6A,9606,associate
"2,5-dihydroxyacetophenone",CP00009198,UBE2L3,9606,associate
"2,5-dihydroxyacetophenone",CP00009198,DPP4,9606,associate
"2,5-dihydroxyacetophenone",CP00009198,COX1,9606,associate
"2,5-dihydroxyacetophenone",CP00009198,UBL7,9606,associate
"2,5-dihydroxyacetophenone",CP00009198,UBL4A,9606,associate
"2,5-dihydroxyacetophenone",CP00009198,OTUD1,9606,associate
"2,5-dihydroxyacetophenone",CP00009198,UIMC1,9606,associate
"2,5-dihydroxyacetophenone",CP00009198,DPP6,9606,associate
"2,5-dihydroxyacetophenone",CP00009198,ATXN3L,9606,associate
"2,5-dihydroxyacetophenone",CP00009198,TMEM87A,9606,associate
"2,5-dihydroxyacetophenone",CP00009198,DPP10,9606,associate
"2,5-dihydroxyacetophenone",CP00009198,UBE2G1,9606,associate
"2,5-dihydroxyacetophenone",CP00009198,USP51,9606,associate
"2,5-dihydroxyacetophenone",CP00009198,Tyr,10090,inhibit
"2,5-dihydroxyacetophenone",CP00009198,CA12,9606,associate
"2,5-dihydroxyacetophenone",CP00009198,CA7,9606,associate
"2,5-dihydroxyacetophenone",CP00009198,CA2,9606,associate
"2,5-dihydroxyacetophenone",CP00009198,CA1,9606,associate
"2,5-dihydroxyacetophenone",CP00009198,CA9,9606,associate
"2,5-dihydroxyacetophenone",CP00009198,ESR2,9606,associate
"2,5-dihydroxyacetophenone",CP00009198,CA14,9606,associate
"2,5-dihydroxyacetophenone",CP00009198,ESR1,9606,associate
"2,5-dihydroxyacetophenone",CP00009198,HSD17B1,9606,associate
"2,5-dihydroxyacetophenone",CP00009198,HSD17B2,9606,associate
"2,5-dihydroxyacetophenone",CP00009198,MAOB,9606,associate
"2,5-dihydroxyacetophenone",CP00009198,ALOX15,9606,associate
"2,5-dihydroxyacetophenone",CP00009198,MCL1,9606,associate
"2,5-dihydroxyacetophenone",CP00009198,SENP7,9606,associate
"2,5-dihydroxyacetophenone",CP00009198,CA5A,9606,associate
"2,5-dihydroxyacetophenone",CP00009198,CA6,9606,associate
"2,5-dihydroxyacetophenone",CP00009198,CES2,9606,associate
"2,5-dihydroxyacetophenone",CP00009198,ALPI,9606,associate
"2,5-dihydroxyacetophenone",CP00009198,THRB,9606,associate
"2,5-dihydroxyacetophenone",CP00009198,KCNMA1,9606,associate
"2,5-dihydroxyacetophenone",CP00009198,MAOA,9606,associate
"2,5-dihydroxyacetophenone",CP00009198,MIF,9606,associate
"2,5-dihydroxyacetophenone",CP00009198,CA3,9606,associate
"2,5-dihydroxyacetophenone",CP00009198,LCK,9606,associate
"2,5-dihydroxyacetophenone",CP00009198,CTDSP1,9606,associate
"2,5-dihydroxyacetophenone",CP00009198,THRA,9606,associate
"2,5-dihydroxyacetophenone",CP00009198,CYP1A2,9606,associate
"2,5-dihydroxyacetophenone",CP00009198,PTGS1,9606,associate
"2,5-dihydroxyacetophenone",CP00009198,GALR3,9606,associate
"2,5-dihydroxyacetophenone",CP00009198,TTR,9606,associate
"2,5-dihydroxyacetophenone",CP00009198,APP,9606,associate
"2,5-dihydroxyacetophenone",CP00009198,NOX4,9606,associate
"2,5-dihydroxyacetophenone",CP00009198,TLR9,9606,associate
"2,5-dihydroxyacetophenone",CP00009198,PLA2G1B,9606,associate
"2,5-dihydroxyacetophenone",CP00009198,ALOX5,9606,associate
"2,5-dihydroxyacetophenone",CP00009198,NR1H4,9606,associate
"2,5-dihydroxyacetophenone",CP00009198,S1PR4,9606,associate
"2,5-dihydroxyacetophenone",CP00009198,PRKDC,9606,associate
"2,5-dihydroxyacetophenone",CP00009198,PIM1,9606,associate
"2,5-dihydroxyacetophenone",CP00009198,STAT1,9606,associate
"2,5-dihydroxyacetophenone",CP00009198,XBP1,9606,associate
"2,5-dihydroxyacetophenone",CP00009198,PDE4B,9606,associate
"2,5-dihydroxyacetophenone",CP00009198,CYP2B6,9606,associate
"2,5-dihydroxyacetophenone",CP00009198,KDM1A,9606,associate
"2,5-dihydroxyacetophenone",CP00009198,CLK1,9606,associate
"2,5-dihydroxyacetophenone",CP00009198,GPR35,9606,associate
"2,5-dihydroxyacetophenone",CP00009198,KDR,9606,associate
"2,5-dihydroxyacetophenone",CP00009198,MAPK14,9606,associate
"2,5-dihydroxyacetophenone",CP00009198,CA4,9606,associate
"2,5-dihydroxyacetophenone",CP00009198,SENP8,9606,associate
"2,5-dihydroxyacetophenone",CP00009198,EGFR,9606,associate
"2,5-dihydroxyacetophenone",CP00009198,DNMT1,9606,associate
"2,5-dihydroxyacetophenone",CP00009198,NQO2,9606,associate
"2,5-dihydroxyacetophenone",CP00009198,STAT3,9606,associate
"2,5-dihydroxyacetophenone",CP00009198,SMAD3,9606,associate
"2,5-dihydroxyacetophenone",CP00009198,NOD2,9606,associate
"2,5-dihydroxyacetophenone",CP00009198,TYR,9606,associate
"2,5-dihydroxyacetophenone",CP00009198,CAMKK2,9606,associate
"2,5-dihydroxyacetophenone",CP00009198,MKNK2,9606,associate
"2,5-dihydroxyacetophenone",CP00009198,SLC2A1,9606,associate
"2,5-dihydroxyacetophenone",CP00009198,CSNK1A1,9606,associate
"2,5-dihydroxyacetophenone",CP00009198,TGFBR2,9606,associate
"2,5-dihydroxyacetophenone",CP00009198,SLCO1B1,9606,associate
"2,5-dihydroxyacetophenone",CP00009198,STK4,9606,associate
"2,5-dihydroxyacetophenone",CP00009198,VCAM1,9606,associate
"2,5-dihydroxyacetophenone",CP00009198,ADCY1,9606,associate
"2,5-dihydroxyacetophenone",CP00009198,ADAMTS4,9606,associate
"2,5-dihydroxyacetophenone",CP00009198,CFTR,9606,associate
"2,5-dihydroxyacetophenone",CP00009198,CYP11B2,9606,associate
"2,5-dihydroxyacetophenone",CP00009198,GGPS1,9606,associate
"2,5-dihydroxyacetophenone",CP00009198,CACNA1B,9606,associate
"2,5-dihydroxyacetophenone",CP00009198,FGF1,9606,associate
"2,5-dihydroxyacetophenone",CP00009198,FCER2,9606,associate
"2,5-dihydroxyacetophenone",CP00009198,FOLR1,9606,associate
"2,5-dihydroxyacetophenone",CP00009198,ALOX5AP,9606,associate
"2,5-dihydroxyacetophenone",CP00009198,PDK2,9606,associate
"2,5-dihydroxyacetophenone",CP00009198,PHOSPHO1,9606,associate
"2,5-dihydroxyacetophenone",CP00009198,TMPRSS11D,9606,associate
"2,5-dihydroxyacetophenone",CP00009198,TMPRSS6,9606,associate
"2,5-dihydroxyacetophenone",CP00009198,PRKCE,9606,associate
"2,5-dihydroxyacetophenone",CP00009198,ITGA4,9606,associate
"2,5-dihydroxyacetophenone",CP00009198,SSTR3,9606,associate
"2,5-dihydroxyacetophenone",CP00009198,STS,9606,associate
"2,5-dihydroxyacetophenone",CP00009198,SSTR5,9606,associate
"2,5-dihydroxyacetophenone",CP00009198,WNT3A,9606,associate
"2,5-dihydroxyacetophenone",CP00009198,PDE1B,9606,associate
"2,5-dihydroxyacetophenone",CP00009198,PLA2G4A,9606,associate
"2,5-dihydroxyacetophenone",CP00009198,PLA2G2A,9606,associate
"2,5-dihydroxyacetophenone",CP00009198,RELA,9606,associate
"2,5-dihydroxyacetophenone",CP00009198,KIF11,9606,associate
"2,5-dihydroxyacetophenone",CP00009198,SERPINE1,9606,associate
"2,5-dihydroxyacetophenone",CP00009198,TXK,9606,associate
"2,5-dihydroxyacetophenone",CP00009198,NAMPT,9606,associate
"2,5-dihydroxyacetophenone",CP00009198,CDK8,9606,associate
"2,5-dihydroxyacetophenone",CP00009198,CHRNA3,9606,associate
"2,5-dihydroxyacetophenone",CP00009198,CYP51A1,9606,associate
"2,5-dihydroxyacetophenone",CP00009198,PKN2,9606,associate
"2,5-dihydroxyacetophenone",CP00009198,POLB,9606,associate
"2,5-dihydroxyacetophenone",CP00009198,EP300,9606,associate
physcion,CP00009516,ELANE,9606,inhibit
physcion,CP00009516,KDM4E,9606,associate
physcion,CP00009516,MAPT,9606,associate
physcion,CP00009516,ALDH1A1,9606,associate
physcion,CP00009516,ALOX15,9606,associate
physcion,CP00009516,HPGD,9606,associate
physcion,CP00009516,GLA,9606,associate
physcion,CP00009516,ELANE,9606,associate
physcion,CP00009516,CTSG,9606,associate
physcion,CP00009516,LCK,9606,inhibit
physcion,CP00009516,P2RY12,9606,associate
physcion,CP00009516,P2RY12,9606,inhibit
physcion,CP00009516,Txnrd2,10116,inhibit
physcion,CP00009516,VDR,9606,associate
physcion,CP00009516,POLK,9606,associate
physcion,CP00009516,USP1,9606,associate
physcion,CP00009516,LARP6,9606,inhibit
physcion,CP00009516,SLCO1B1,9606,associate
physcion,CP00009516,SLCO1B3,9606,associate
physcion,CP00009516,EPHX2,9606,associate
physcion,CP00009516,LOC110236913,1720309,inhibit
physcion,CP00009516,ATP6AP1,9606,associate
physcion,CP00009516,LAMA1,9606,associate
physcion,CP00009516,CXCL13,9606,associate
physcion,CP00009516,NOG,9606,associate
physcion,CP00009516,BAX,9606,associate
physcion,CP00009516,SPX,9606,associate
physcion,CP00009516,NR1I2,9606,associate
physcion,CP00009516,PTPN1,9606,associate
physcion,CP00009516,CDC25B,9606,associate
physcion,CP00009516,PARP1,9606,associate
physcion,CP00009516,TNS1,9606,associate
physcion,CP00009516,NPRL3,9606,associate
physcion,CP00009516,KLHDC3,9606,associate
physcion,CP00009516,MCL1,9606,associate
physcion,CP00009516,AIP,9606,associate
physcion,CP00009516,IFNB1,9606,associate
physcion,CP00009516,POLL,9606,associate
physcion,CP00009516,FOXG1,9606,associate
physcion,CP00009516,CYP51A1,9606,associate
physcion,CP00009516,DECR1,9606,associate
physcion,CP00009516,SLC25A11,9606,associate
physcion,CP00009516,PPWD1,9606,associate
physcion,CP00009516,TWSG1,9606,associate
physcion,CP00009516,FOXRED1,9606,associate
physcion,CP00009516,MAP3K2,9606,associate
physcion,CP00009516,SLC25A10,9606,associate
physcion,CP00009516,UGT1A9,9606,associate
physcion,CP00009516,THRB,9606,associate
physcion,CP00009516,TES,9606,associate
physcion,CP00009516,MAP3K3,9606,associate
physcion,CP00009516,SHISA4,9606,associate
physcion,CP00009516,Si,10116,inhibit
physcion,CP00009516,MGAM,9606,inhibit
physcion,CP00009516,CTSG,9606,inhibit
physcion,CP00009516,CELA2A,9823,inhibit
physcion,CP00009516,ESR1,9606,associate
physcion,CP00009516,PDGFRA,9606,associate
physcion,CP00009516,Txnrd1,10116,inhibit
physcion,CP00009516,SLCO1B1,9606,inhibit
physcion,CP00009516,SLCO1B3,9606,inhibit
physcion,CP00009516,EPHX2,9606,inhibit
physcion,CP00009516,PIM1,9606,associate
physcion,CP00009516,ESR2,9606,associate
physcion,CP00009516,CSNK2A1,9606,associate
physcion,CP00009516,MAOB,9606,associate
physcion,CP00009516,WEE1,9606,associate
physcion,CP00009516,CA7,9606,associate
physcion,CP00009516,DYRK4,9606,associate
physcion,CP00009516,CYP1A2,9606,associate
physcion,CP00009516,CA3,9606,associate
physcion,CP00009516,ACHE,9606,associate
physcion,CP00009516,CSNK1G3,9606,associate
physcion,CP00009516,BCL2,9606,associate
physcion,CP00009516,CA2,9606,associate
physcion,CP00009516,CYP1A1,9606,associate
physcion,CP00009516,GPR35,9606,associate
physcion,CP00009516,PSMD14,9606,associate
physcion,CP00009516,MAPK14,9606,associate
physcion,CP00009516,EGFR,9606,associate
physcion,CP00009516,DNMT1,9606,associate
physcion,CP00009516,NQO2,9606,associate
physcion,CP00009516,MYLK,9606,associate
physcion,CP00009516,TGFBR2,9606,associate
physcion,CP00009516,STK4,9606,associate
physcion,CP00009516,VCAM1,9606,associate
physcion,CP00009516,ADCY1,9606,associate
physcion,CP00009516,ADAMTS4,9606,associate
physcion,CP00009516,CFTR,9606,associate
physcion,CP00009516,CYP11B2,9606,associate
physcion,CP00009516,GGPS1,9606,associate
physcion,CP00009516,CACNA1B,9606,associate
physcion,CP00009516,FGF1,9606,associate
physcion,CP00009516,FCER2,9606,associate
physcion,CP00009516,FOLR1,9606,associate
physcion,CP00009516,ALOX5AP,9606,associate
physcion,CP00009516,PDK2,9606,associate
physcion,CP00009516,PHOSPHO1,9606,associate
physcion,CP00009516,TMPRSS11D,9606,associate
physcion,CP00009516,TMPRSS6,9606,associate
physcion,CP00009516,PRKCE,9606,associate
physcion,CP00009516,ITGA4,9606,associate
physcion,CP00009516,SSTR3,9606,associate
physcion,CP00009516,STS,9606,associate
physcion,CP00009516,SSTR5,9606,associate
physcion,CP00009516,WNT3A,9606,associate
physcion,CP00009516,PDE1B,9606,associate
physcion,CP00009516,PLA2G4A,9606,associate
physcion,CP00009516,PLA2G2A,9606,associate
physcion,CP00009516,RELA,9606,associate
physcion,CP00009516,KIF11,9606,associate
physcion,CP00009516,SERPINE1,9606,associate
physcion,CP00009516,TXK,9606,associate
physcion,CP00009516,NAMPT,9606,associate
physcion,CP00009516,CDK8,9606,associate
physcion,CP00009516,NR1H4,9606,associate
physcion,CP00009516,CHRNA3,9606,associate
physcion,CP00009516,PKN2,9606,associate
physcion,CP00009516,POLB,9606,associate
physcion,CP00009516,EP300,9606,associate
physcion,CP00009516,TPSAB1,9606,associate
physcion,CP00009516,PIP4K2B,9606,associate
physcion,CP00009516,DLG4,9606,associate
physcion,CP00009516,MIF,9606,associate
physcion,CP00009516,CD74,9606,associate
physcion,CP00009516,PRF1,9606,associate
physcion,CP00009516,KDM4C,9606,associate
physcion,CP00009516,HTR7,9606,associate
physcion,CP00009516,GSK3B,9606,associate
physcion,CP00009516,BMP4,9606,associate
physcion,CP00009516,NEK4,9606,associate
physcion,CP00009516,CA1,9606,associate
physcion,CP00009516,GALR1,9606,associate
physcion,CP00009516,AKT1,9606,associate
physcion,CP00009516,FES,9606,associate
physcion,CP00009516,PRKCQ,9606,associate
physcion,CP00009516,KCNA5,9606,associate
physcion,CP00009516,LDHB,9606,associate
physcion,CP00009516,SCARB1,9606,associate
physcion,CP00009516,MLYCD,9606,associate
physcion,CP00009516,CDC42BPA,9606,associate
physcion,CP00009516,S1PR4,9606,associate
physcion,CP00009516,FPR1,9606,associate
physcion,CP00009516,HLA-A,9606,associate
physcion,CP00009516,P2RY14,9606,associate
physcion,CP00009516,TNFRSF1A,9606,associate
physcion,CP00009516,TAOK3,9606,associate
physcion,CP00009516,DCTPP1,9606,associate
physcion,CP00009516,RAD51,9606,associate
physcion,CP00009516,F10,9606,associate
physcion,CP00009516,PDGFRB,9606,associate
physcion,CP00009516,ITGAL,9606,associate
physcion,CP00009516,F9,9606,associate
physcion,CP00009516,TRPM8,9606,associate
